checked_at,name,url,ok,status_code,elapsed_ms,timeout,error,body_snippet
2026-10-04T18:48:51+00:00,GitHub API,https://api.github.com/zen,True,200,53,False,,Keep it logically awesome.
2026-10-04T18:48:51+00:00,GitHub 状态页,https://www.githubstatus.com/api/v2/status.json,True,200,184,False,,"{""page"":{""id"":""kctbh9vrtdwd"",""name"":""GitHub"",""url"":""https://www.githubstatus.com"",""time_zone"":""Etc/U"
2026-10-04T18:48:51+00:00,百度,https://www.baidu.com,True,200,2787,False,,"<!DOCTYPE html><!--STATUS OK--><html><head><meta http-equiv=""Content-Type"" content=""text/html;charse"
2026-10-04T18:48:51+00:00,必应中国,https://cn.bing.com,True,200,127,False,,"<!doctype html><html lang=""zh"" dir=""ltr""><head><meta name=""theme-color"" content=""#4F4F4F"" /><meta na"
2026-10-04T18:48:51+00:00,墨听 Releases,https://github.com/jwoo1982217-eng/MoTing-Releases/releases/latest,True,200,529,False,,"<!DOCTYPE html> <html lang=""en"" data-color-mode=""auto"" data-light-theme=""light"" data-dark-theme=""dar"
2026-10-04T21:21:40+00:00,GitHub API,https://api.github.com/zen,True,200,154,False,,Responsive is better than fast.
2026-10-04T21:21:40+00:00,GitHub 状态页,https://www.githubstatus.com/api/v2/status.json,True,200,134,False,,"{""page"":{""id"":""kctbh9vrtdwd"",""name"":""GitHub"",""url"":""https://www.githubstatus.com"",""time_zone"":""Etc/U"
2026-10-04T21:21:40+00:00,百度,https://www.baidu.com,True,200,915,False,,"<!DOCTYPE html><!--STATUS OK--><html><head><meta http-equiv=""Content-Type"" content=""text/html;charse"
2026-10-04T21:21:40+00:00,必应中国,https://cn.bing.com,True,200,102,False,,"<!doctype html><html lang=""zh"" dir=""ltr""><head><meta name=""theme-color"" content=""#4F4F4F"" /><meta na"
2026-10-04T21:21:40+00:00,墨听 Releases,https://github.com/jwoo1982217-eng/MoTing-Releases/releases/latest,True,200,563,False,,"<!DOCTYPE html> <html lang=""en"" data-color-mode=""auto"" data-light-theme=""light"" data-dark-theme=""dar"
